Date,4380
2000-01-01,92576.6
2000-02-01,91770.4
2000-03-01,92579.9
2000-04-01,91376.2
2000-05-01,98727.0
2000-06-01,102685.4
2000-07-01,103410.4
2000-08-01,105177.8
2000-09-01,100307.6
2000-10-01,106951.1
2000-11-01,107678.0
2000-12-01,105851.6
2001-01-01,102530.7
2001-02-01,101635.3
2001-03-01,108303.8
2001-04-01,107572.0
2001-05-01,111202.2
2001-06-01,104949.4
2001-07-01,110758.9
2001-08-01,113064.7
2001-09-01,108700.8
2001-10-01,116139.0
2001-11-01,117882.0
2001-12-01,113016.7
2002-01-01,112374.8
2002-02-01,111477.1
2002-03-01,118444.7
2002-04-01,120385.9
2002-05-01,123552.5
2002-06-01,123424.4
2002-07-01,126856.6
2002-08-01,127800.1
2002-09-01,125137.8
2002-10-01,133125.4
2002-11-01,135966.6
2002-12-01,130241.2
2003-01-01,125713.7
2003-02-01,131377.7
2003-03-01,140150.3
2003-04-01,141001.3
2003-05-01,140056.9
2003-06-01,137929.2
2003-07-01,144627.1
2003-08-01,144366.4
2003-09-01,150356.3
2003-10-01,158347.6
2003-11-01,154764.9
2003-12-01,149259.1
2004-01-01,142455.0
2004-02-01,141654.7
2004-03-01,160673.9
2004-04-01,159113.9
2004-05-01,160112.1
2004-06-01,162569.0
2004-07-01,168216.4
2004-08-01,168068.5
2004-09-01,168967.4
2004-10-01,174390.5
2004-11-01,178012.0
2004-12-01,173518.0
2005-01-01,161646.6
2005-02-01,159966.7
2005-03-01,178097.1
2005-04-01,177918.1
2005-05-01,178129.4
2005-06-01,179509.8
2005-07-01,181673.2
2005-08-01,186712.8
2005-09-01,184473.1
2005-10-01,192948.3
2005-11-01,196419.8
2005-12-01,193089.5
2006-01-01,181707.7
2006-02-01,176988.5
2006-03-01,195574.3
2006-04-01,188585.8
2006-05-01,198731.5
2006-06-01,194659.5
2006-07-01,203488.6
2006-08-01,208799.8
2006-09-01,205559.3
2006-10-01,219035.0
2006-11-01,220981.6
2006-12-01,215338.3
2007-01-01,206662.3
2007-02-01,201552.1
2007-03-01,223208.6
2007-04-01,218931.2
2007-05-01,227535.3
2007-06-01,224188.2
2007-07-01,230916.3
2007-08-01,233905.1
2007-09-01,227024.4
2007-10-01,245688.0
2007-11-01,243269.2
2007-12-01,237382.1
2008-01-01,232824.8
2008-02-01,231982.2
2008-03-01,247248.2
2008-04-01,253194.4
2008-05-01,255747.4
2008-06-01,260583.4
2008-07-01,271290.4
2008-08-01,268546.1
2008-09-01,272766.1
2008-10-01,284913.7
2008-11-01,272120.8
2008-12-01,258585.6
2009-01-01,244784.1
2009-02-01,242496.9
2009-03-01,268846.1
2009-04-01,263434.8
2009-05-01,268734.4
2009-06-01,271408.2
2009-07-01,281453.8
2009-08-01,282514.8
2009-09-01,288874.7
2009-10-01,309141.3
2009-11-01,307943.5
2009-12-01,303406.8
2010-01-01,284387.8
2010-02-01,283355.0
2010-03-01,318654.6
2010-04-01,311649.1
2010-05-01,315947.2
2010-06-01,316548.7
2010-07-01,328892.6
2010-08-01,332376.6
2010-09-01,336665.5
2010-10-01,350938.6
2010-11-01,358431.8
2010-12-01,347999.5
2011-01-01,327592.4
2011-02-01,332316.4
2011-03-01,356621.8
2011-04-01,354607.7
2011-05-01,368282.8
2011-06-01,363821.7
2011-07-01,367341.3
2011-08-01,374873.1
2011-09-01,370119.9
2011-10-01,383767.3
2011-11-01,391536.4
2011-12-01,385501.2
2012-01-01,364188.6
2012-02-01,367527.7
2012-03-01,397757.8
2012-04-01,385882.7
2012-05-01,401863.7
2012-06-01,395379.2
2012-07-01,409024.9
2012-08-01,418752.4
2012-09-01,402671.5
2012-10-01,431399.9
2012-11-01,426614.8
2012-12-01,413696.7
2013-01-01,408895.0
2013-02-01,398087.4
2013-03-01,434631.2
2013-04-01,446508.1
2013-05-01,441322.0
2013-06-01,434750.0
2013-07-01,452593.1
2013-08-01,453785.4
2013-09-01,447755.7
2013-10-01,475721.2
2013-11-01,470316.2
2013-12-01,467253.9
2014-01-01,453273.2
2014-02-01,455505.0
2014-03-01,477202.9
2014-04-01,479729.8
2014-05-01,481273.3
2014-06-01,461318.7
2014-07-01,486872.6
2014-08-01,483777.6
2014-09-01,491475.3
2014-10-01,509080.9
2014-11-01,498548.7
2014-12-01,500895.1
2015-01-01,474578.2
2015-02-01,466976.1
2015-03-01,515104.3
2015-04-01,497099.5
2015-05-01,492248.9
2015-06-01,490621.4
2015-07-01,507242.7
2015-08-01,501261.6
2015-09-01,499724.0
2015-10-01,521301.2
2015-11-01,514157.2
2015-12-01,515471.9
2016-01-01,482478.8
2016-02-01,490198.0
2016-03-01,527622.1
2016-04-01,520720.0
2016-05-01,516243.4
2016-06-01,522086.8
2016-07-01,522427.8
2016-08-01,530542.9
2016-09-01,524199.8
2016-10-01,539812.7
2016-11-01,545711.3
2016-12-01,547284.5
2017-01-01,514653.2
2017-02-01,510345.2
2017-03-01,560675.1
2017-04-01,537461.7
2017-05-01,550561.3
2017-06-01,542706.6
2017-07-01,548627.8
2017-08-01,555987.2
2017-09-01,544020.2
2017-10-01,568496.2
2017-11-01,573826.4
2017-12-01,578118.2
2018-01-01,553171.1
2018-02-01,539689.7
2018-03-01,589222.3
2018-04-01,587197.8
2018-05-01,562342.9
2018-06-01,584558.3
2018-07-01,592571.9
2018-08-01,599116.0
2018-09-01,576167.8
2018-10-01,612165.8
2018-11-01,607569.9
2018-12-01,600367.6
2019-01-01,578995.8
2019-02-01,576657.3
2019-03-01,601900.5
2019-04-01,613158.6
2019-05-01,616097.9
2019-06-01,597504.7
2019-07-01,632387.4
2019-08-01,630350.6
2019-09-01,617872.2
2019-10-01,649406.5
2019-11-01,637702.5
2019-12-01,637097.0
2020-01-01,614755.4
2020-02-01,618483.3
2020-03-01,634855.9
2020-04-01,568334.2
2020-05-01,576786.2
2020-06-01,607603.3
2020-07-01,644135.2
2020-08-01,637263.0
2020-09-01,647925.3
2020-10-01,674238.7
2020-11-01,679808.0
2020-12-01,705408.8
2021-01-01,679854.5
2021-02-01,707123.3
2021-03-01,769692.3
2021-04-01,737775.9
2021-05-01,731489.9
2021-06-01,734373.0
2021-07-01,765734.4
2021-08-01,767715.6
2021-09-01,762401.0
2021-10-01,772736.4
2021-11-01,788201.3
2021-12-01,795044.4
2022-01-01,723882.7
2022-02-01,753403.2
2022-03-01,842242.2
2022-04-01,832275.1
2022-05-01,841791.5
2022-06-01,843414.9
2022-07-01,869202.7
2022-08-01,873976.6
2022-09-01,858002.7
2022-10-01,880582.1
2022-11-01,880776.5
2022-12-01,880126.6
2023-01-01,811674.8
2023-02-01,830011.1
2023-03-01,939332.1
2023-04-01,909847.4
2023-05-01,912433.3
2023-06-01,905299.2
2023-07-01,921466.3
2023-08-01,932487.7
2023-09-01,915491.4
2023-10-01,953404.4
2023-11-01,961615.3
2023-12-01,950281.7
2024-01-01,892100.5
2024-02-01,903047.8
2024-03-01,969684.4
2024-04-01,992913.0
2024-05-01,966020.8
2024-06-01,975824.9
2024-07-01,1018544.8
2024-08-01,1003879.7
2024-09-01,993511.5
2024-10-01,1045476.7
2024-11-01,1019286.2
2024-12-01,998960.4
2025-01-01,958442.9
2025-02-01,994362.4
2025-03-01,1071917.6
2025-04-01,1087044.2
2025-05-01,1062393.5
2025-06-01,1050907.3
2025-07-01,1094833.3
2025-08-01,1065879.7
2025-09-01,1074994.6
2025-10-01,1109994.4
2025-11-01,1085463.4
2025-12-01,1082332.3
2026-01-01,1023240.2
2026-02-01,1042240.3
2026-03-01,1153875.8
